{"cameraMode":{"drawMode":0,"name":"Shaded","section":"Shading Mode"},"sceneLighting":true,"audioPlay":false,"sceneViewState":{"m_AlwaysRefresh":true,"showFog":true,"showSkybox":true,"showFlares":true,"showImageEffects":true,"showParticleSystems":true,"showVisualEffectGraphs":true,"m_FxEnabled":true},"in2DMode":false,"pivot":{"x":-18.743249893188478,"y":2.3014936447143556,"z":15.163591384887696},"rotation":{"x":-0.09212033450603485,"y":-0.18620680272579194,"z":0.017535213381052018,"w":-0.9780575633049011},"size":14.800825119018555,"orthographic":false}