{"cameraMode":{"drawMode":0,"name":"Shaded","section":"Shading Mode"},"sceneLighting":true,"audioPlay":false,"sceneViewState":{"showFog":true,"showMaterialUpdate":true,"showSkybox":true,"showFlares":true,"showImageEffects":true,"showParticleSystems":true},"in2DMode":false,"pivot":{"x":81.09555053710938,"y":10.399099349975586,"z":103.41824340820313},"rotation":{"x":0.05129459872841835,"y":0.7590399384498596,"z":-0.06024980917572975,"w":0.6462175846099854},"size":20.005186080932618,"orthographic":false}